name,email,gender,phone,ip,adress
L;urette Shillinglaw,lshillinglaw0@who.int,Female,121-744-0101,33.141.143.244,73745 Merrick Parkway
Emogene Mowday,emowday1@huffingtonpost.com,Female,327-708-9370,79.96.74.3,56 Hansons Pass
Filmer Kuhnel,fkuhnel2@sphinn.com,Male,550-647-9598,48.106.91.186,62095 Nelson Drive
Birgit Wederell,bwederell3@tumblr.com,Female,929-853-5583,188.244.61.159,37462 Longview Lane
Clare Swash,cswash4@discuz.net,Male,956-755-9202,203.151.215.76,84240 Armistice Court
Tiffi Kolodziejski,tkolodziejski5@linkedin.com,Female,304-486-3646,82.117.192.140,7340 Oriole Street
Gonzales Tolle,gtolle6@elegantthemes.com,Male,342-545-7913,116.27.231.172,12 Red Cloud Terrace
Cynthie Ledwitch,cledwitch7@360.cn,Female,719-315-8281,221.61.9.126,04 Roxbury Trail
Nikoletta Stewart,nstewart8@youtube.com,Female,255-828-3664,97.60.170.11,558 Monica Street
Elfrieda Puxley,epuxley9@ask.com,Female,638-598-0833,77.241.201.2,0 Bayside Center
Halley Whipp,hwhippa@wikia.com,Female,253-719-5695,155.140.53.95,15 Lyons Avenue
Stacy Chaikovski,schaikovskib@w3.org,Male,958-697-8778,236.248.84.62,0455 Vera Trail
Joline Jagger,jjaggerc@cyberchimps.com,Female,522-418-4774,107.111.115.177,26621 Pond Junction
Fenelia Delacote,fdelacoted@umich.edu,Bigender,366-695-5722,142.247.250.92,200 Spohn Terrace
Jolynn Fontin,jfontine@economist.com,Female,380-509-1823,73.234.56.17,1 Clove Junction
Jennilee McCrackem,jmccrackemf@deliciousdays.com,Female,434-119-2263,21.151.45.79,05 South Street
Marylinda Huskisson,mhuskissong@intel.com,Female,576-663-6817,241.68.177.152,02451 Boyd Center
Delaney Tabord,dtabordh@histats.com,Male,815-436-9009,179.253.237.114,81 Fordem Plaza
Lawton Straffon,lstraffoni@odnoklassniki.ru,Male,819-519-8192,211.110.162.194,397 Pond Crossing
Verena Duny,vdunyj@state.tx.us,Female,415-682-1780,213.131.99.127,88 Lighthouse Bay Street
Trixy Carnoghan,tcarnoghank@vistaprint.com,Female,872-979-7020,233.95.200.44,649 Lighthouse Bay Park
Levy Nickols,lnickolsl@google.de,Male,836-845-6065,194.69.53.95,95388 Starling Junction
Teriann Eccleston,tecclestonm@nasa.gov,Female,118-242-3885,193.158.169.25,9 Welch Hill
Clarey Glisane,cglisanen@xing.com,Female,218-214-3563,32.108.31.208,656 Declaration Parkway
Thea Kettell,tkettello@360.cn,Female,527-811-3041,17.16.5.106,8596 Browning Circle
Ruprecht Rook,rrookp@unc.edu,Male,197-765-7080,10.189.221.143,083 Tennessee Center
Terri Paddy,tpaddyq@scientificamerican.com,Male,607-707-3507,204.234.154.142,42 Gerald Circle
Barbette Weedall,bweedallr@blog.com,Female,553-962-8939,50.189.152.9,986 Dovetail Point
Roddy Storkes,rstorkess@flavors.me,Male,275-519-9899,247.117.158.35,597 Starling Pass
Alvan Erdis,aerdist@amazon.de,Male,197-301-9083,247.211.99.56,7684 Oak Street
Sydel Gopsell,sgopsellu@dion.ne.jp,Female,645-959-6919,146.214.210.190,9666 Mariners Cove Point
Garrik Beck,gbeckv@examiner.com,Agender,206-158-7208,127.207.162.189,767 6th Circle
Mora Maling,mmalingw@bravesites.com,Female,135-575-9490,161.107.132.227,55543 Roth Point
Trixy Yarrall,tyarrallx@meetup.com,Female,358-789-7486,18.179.183.194,841 Victoria Way
Jerrie Marie,jmariey@behance.net,Male,251-704-9502,235.110.68.198,2 Charing Cross Terrace
Dexter Stayte,dstaytez@typepad.com,Male,767-530-6031,249.180.77.158,41658 Buena Vista Plaza
Marlene Francis,mfrancis10@harvard.edu,Female,487-287-6030,50.187.246.146,858 Reinke Lane
Demetrius Leggis,dleggis11@desdev.cn,Male,573-716-5658,85.161.58.68,84 Bunker Hill Road
Leticia Sparshutt,lsparshutt12@hatena.ne.jp,Female,971-125-9476,67.107.161.221,893 Eggendart Avenue
Golda Nutbeam,gnutbeam13@dyndns.org,Female,763-450-1607,190.107.121.10,7417 Comanche Plaza
Emlyn Linner,elinner14@skype.com,Male,609-154-6813,124.57.38.244,66411 Division Way
Ernie Plomer,eplomer15@ucoz.ru,Male,271-700-6589,150.175.95.76,2910 Melby Plaza
Archibald Snasel,asnasel16@rambler.ru,Male,477-240-9365,5.93.243.216,2432 Crowley Lane
Claudio Muggleston,cmuggleston17@usgs.gov,Male,770-174-8645,44.105.23.15,945 Maywood Plaza
Camila Clarabut,cclarabut18@tiny.cc,Female,971-296-4674,25.7.20.179,055 Mockingbird Trail
Bruce Scading,bscading19@csmonitor.com,Male,408-190-3144,68.221.212.69,51048 John Wall Pass
Siobhan Winpenny,swinpenny1a@google.com.au,Female,700-733-5826,214.226.125.157,16 2nd Way
Guenevere Pitcock,gpitcock1b@soup.io,Female,152-949-4723,66.133.211.213,686 Kingsford Place
Tiphanie Cleere,tcleere1c@scientificamerican.com,Female,913-601-6686,182.134.126.120,4496 Morningstar Crossing
Adriano Radmer,aradmer1d@ebay.co.uk,Male,263-882-7123,196.163.245.186,6164 Independence Drive
Berkie Filippozzi,bfilippozzi1e@woothemes.com,Male,889-350-3844,188.229.236.44,06995 Kingsford Street
Harlen Chatters,hchatters1f@ehow.com,Male,712-863-1261,207.165.242.198,6 Oxford Parkway
Donaugh Galey,dgaley1g@youtube.com,Male,227-450-7042,51.44.180.66,6620 Swallow Lane
Dianne Cornil,dcornil1h@hexun.com,Female,325-846-2801,38.239.140.30,276 Acker Junction
Lemuel Stroyan,lstroyan1i@theatlantic.com,Male,295-682-7366,10.239.168.10,1263 Morrow Point
Alleen Towsey,atowsey1j@drupal.org,Genderfluid,669-320-5445,216.236.193.192,16 Warbler Circle
Nefen McGiff,nmcgiff1k@usatoday.com,Male,718-978-7831,48.5.195.37,7 Ramsey Way
Renell Huygen,rhuygen1l@about.com,Female,777-518-1735,106.248.3.175,7 Mayfield Trail
Nilson Walkinshaw,nwalkinshaw1m@jiathis.com,Male,927-791-6834,55.97.80.56,20902 New Castle Park
Berna Teggin,bteggin1n@liveinternet.ru,Female,164-555-4502,176.115.113.253,079 Glacier Hill Crossing
Othilia Randell,orandell1o@vinaora.com,Female,126-958-8205,120.14.88.60,5528 Dottie Circle
Jammal Kneebone,jkneebone1p@omniture.com,Male,421-907-9381,62.249.3.153,3040 Moulton Way
Martino Eplate,meplate1q@ustream.tv,Male,969-977-2645,122.223.51.1,98973 Dixon Road
Gabriele Mouncher,gmouncher1r@walmart.com,Male,813-115-7767,42.121.26.195,8923 Homewood Alley
Lorie Phillipson,lphillipson1s@is.gd,Female,268-953-1303,23.22.4.153,55 Magdeline Center
Gardner Senn,gsenn1t@list-manage.com,Male,561-207-8204,88.242.124.99,2561 Sachtjen Park
Adriana Calrow,acalrow1u@wix.com,Female,485-443-1702,44.32.247.166,9 Sauthoff Circle
Vanda Domingues,vdomingues1v@mail.ru,Female,201-811-2117,74.37.10.147,97882 Anhalt Lane
Giacomo Dalgetty,gdalgetty1w@upenn.edu,Male,796-446-3229,79.248.243.68,387 Laurel Park
Stormie Bover,sbover1x@japanpost.jp,Genderfluid,203-221-0436,249.130.87.185,78 Waywood Court
Adele Morrott,amorrott1y@netlog.com,Female,516-410-3480,33.126.217.220,0 Ridge Oak Hill
Hedda Davidove,hdavidove1z@shinystat.com,Female,750-633-6906,122.84.84.31,25946 Karstens Center
Thorny Kingman,tkingman20@yahoo.co.jp,Male,360-206-1484,57.18.239.163,0 Pond Circle
Hoyt Sutherington,hsutherington21@cmu.edu,Male,261-284-7689,84.15.14.226,8 Bunker Hill Way
Loree McCloughen,lmccloughen22@guardian.co.uk,Female,977-729-9685,56.152.206.206,58474 International Drive
Dix McCrum,dmccrum23@salon.com,Genderfluid,207-731-0023,170.195.165.241,9 Gerald Hill
Pooh Sainsbury,psainsbury24@elegantthemes.com,Male,949-526-6492,43.74.140.42,9598 Laurel Junction
Shep Attwell,sattwell25@nifty.com,Male,695-105-1256,13.11.201.114,8 Corscot Court
Tillie Gaw,tgaw26@webs.com,Female,944-236-6399,133.172.39.45,3 Erie Way
Alexandra Govier,agovier27@tiny.cc,Female,900-212-2553,53.188.94.59,70 Knutson Court
Kalie Seamer,kseamer28@trellian.com,Female,528-386-7544,18.74.228.38,4117 Warner Crossing
Laurie Arnet,larnet29@cargocollective.com,Male,988-503-3605,216.14.21.222,403 Ruskin Pass
Tremain Pollicott,tpollicott2a@google.co.uk,Male,329-669-0884,220.133.54.231,6 Dryden Road
Lilla Sivewright,lsivewright2b@vinaora.com,Female,141-150-8155,69.10.71.123,99 Debs Park
Maggi Byrnes,mbyrnes2c@washington.edu,Female,198-351-1786,28.206.242.29,80 Golf Road
Gearard Terzza,gterzza2d@tumblr.com,Male,773-996-3646,147.233.83.73,466 Golf Course Drive
Ashlan Thornbarrow,athornbarrow2e@goo.ne.jp,Agender,186-100-6784,195.248.113.211,3 Sundown Circle
Ogdon Place,oplace2f@phpbb.com,Male,485-913-1952,10.78.75.238,1914 Clarendon Trail
Josselyn Kuhnert,jkuhnert2g@macromedia.com,Female,176-963-9522,224.175.176.255,869 Jenifer Hill
Morrie Lafflina,mlafflina2h@cargocollective.com,Male,921-991-1627,252.95.226.158,84 Golf View Terrace
Errol Amsden,eamsden2i@purevolume.com,Male,741-415-9286,40.234.198.214,24 Buhler Terrace
Joane Skeats,jskeats2j@people.com.cn,Female,792-690-2587,221.21.20.107,044 New Castle Trail
Yetty Fiddler,yfiddler2k@pbs.org,Female,722-180-0275,113.49.246.174,6474 Schlimgen Park
Melvin Chelnam,mchelnam2l@tinyurl.com,Male,848-872-8328,155.48.243.123,746 Hollow Ridge Terrace
Fannie Prewett,fprewett2m@twitpic.com,Female,701-114-1249,118.47.62.124,66507 Golf Course Road
Elyssa Hiseman,ehiseman2n@arizona.edu,Female,369-972-3618,115.2.104.81,2500 Grim Hill
Modestine Pickrell,mpickrell2o@timesonline.co.uk,Female,555-818-4909,1.46.255.246,2 Welch Trail
Christina Studman,cstudman2p@cloudflare.com,Female,550-760-3482,181.76.148.209,0847 Main Trail
Evonne Brumwell,ebrumwell2q@newsvine.com,Female,358-998-2069,122.111.43.220,3 Maywood Alley
Analiese Pavy,apavy2r@abc.net.au,Female,863-714-7353,211.196.50.209,3 Gerald Point
